cantidad_animales,peso_promedio_entrada,precio_compra_kg,costo_logistica_total,costo_alimentacion_estadia,duracion_estadia_dias,mes_adquisicion,costo_total_lote,peso_salida,precio_venta_final_kg
45,84.17715807090265,15.007676882677618,872.2368390738832,0.0,1,11,57720.89835443223,3823.978227856226,19.132
30,108.64464690445836,22.0,923.5795982430259,107.59622457890782,3,3,72736.64277976446,3273.2023248118558,25.665
100,103.79069088582779,17.638415224154766,1671.4266199822905,254.82931383685653,3,8,184996.58615843175,10470.101700014968,22.527
80,100.71137540863835,19.48913320428497,1692.659937513599,0.0,1,10,158714.85277956974,8111.1785702891875,24.366
50,110.92614662193601,19.7811640138983,1169.8254673542103,0.0,3,2,110882.24045526657,5641.400271573668,24.216
100,99.64329570775132,16.870431744019406,1822.2391495767579,234.13545773316332,2,9,170158.91650598595,9858.76890376484,20.515
35,76.7634854801848,22.0,1028.3545429497924,96.83459408051995,3,3,60233.07295677261,2696.9411680900043,27.312
45,89.83170966264828,19.031910538708864,1092.6974254290367,107.98793480231556,2,5,78135.79314297692,3954.5517988423167,22.908
70,116.37320136784382,18.073054726185333,1713.074994808025,133.3618442552038,2,10,149071.78342783314,8038.843260397252,21.367
25,114.0643468456528,18.777015924776883,961.5792927577869,82.60491080691423,2,8,54588.88563281711,2849.474145497359,22.991
45,95.52256972419565,20.028504397218047,1481.0853100116149,0.0,3,2,87573.92465896952,4316.492314235488,24.1
80,106.04316476973781,18.5215963296194,1736.3091492964882,158.30732782668787,2,6,159021.71178755525,8474.81569077247,21.845
80,125.0,20.26385982076648,1238.3209406789247,207.96910094910163,2,12,204084.88824929282,9943.280758118732,24.836
50,99.62575842199787,15.130255722064522,1485.8915989329867,150.01263777711355,3,5,77004.06430818264,4961.8898954057295,17.852
35,99.86100016261608,17.00406002034702,857.1210680793615,0.0,1,10,60288.60648407461,3542.9988166408457,20.619
30,102.28718446137427,15.0,1243.4460766101845,0.0,1,9,47272.67908422861,3056.831062775849,18.418
50,107.2837085148235,22.0,1177.6907941896588,0.0,1,12,119189.77016049552,5458.017989891832,26.292
50,95.81318580672698,22.0,1322.3735145187857,0.0,1,5,106716.87790191846,4828.697943036805,25.867
25,107.27355235718902,19.753232135065968,867.6411743442837,0.0,1,2,53842.62571596197,2694.1092230440763,24.599
40,76.66924487500481,16.474763858173937,964.2127849479222,0.0,3,5,51488.52096495658,3030.1649254804124,20.637
35,104.03678516543503,22.0,914.5886442191768,0.0,1,12,81022.91322160416,3675.3421908768432,26.819
20,100.607557730982,17.291171043736576,724.9048321481914,33.585702778327985,2,4,35550.94031530675,2002.2157442383013,21.803
50,97.3905162771517,18.07358574618967,1041.320600073153,0.0,1,11,89051.11294011227,4811.36226151052,20.979
90,94.29691181919429,18.819066811461443,1401.2888095574056,0.0,3,7,161113.4783371489,8530.24567579111,24.365
40,92.68751948938704,19.40303188403794,1327.628027241396,0.0,3,6,73264.38386343999,3656.0426685598904,24.592
20,90.23774683647972,19.78760520340864,1019.7569906538592,0.0,1,2,36731.5351675618,1790.9983463120107,24.006
90,75.0,19.8679232749489,1796.1879269449214,0.0,3,12,135904.67003285,6749.317175975849,25.006
35,96.78377977788553,18.210951829292192,1010.3768932669852,0.0,1,11,62698.74319198338,3462.5798159241153,21.727
15,113.15595747449306,19.836201903513427,943.5732088044526,23.128270855593566,3,11,34635.4677654014,1685.680070609744,24.407
90,95.97506771114993,18.121584681008645,2514.0868502604344,0.0,1,5,159043.91536164324,8598.176468683878,21.756
70,107.62135061082375,19.65860687374444,1488.3899421508315,0.0,3,7,149586.39754372285,7588.6657174666725,23.22
40,87.03758955951417,19.49458355566155,1438.21105471809,0.0,1,11,69308.67354077107,3438.3922736292907,23.359
100,84.33162935150692,20.02569458159624,1662.8362287118157,259.5090814263306,2,7,170802.29060630364,8470.50551874943,24.108
90,90.99085788318793,19.775933398041932,1813.1208592098583,183.07012744676658,2,5,163944.8140662327,8287.932692779345,22.858
60,87.69400156335813,17.615135250177406,1600.1570234512124,0.0,1,12,94284.65891352056,5245.481866221515,22.076
15,85.80352466397937,19.417420343118025,997.0613257528973,0.0,1,9,25988.307905576632,1300.2600180886234,22.963
80,105.3972884618648,19.806799475829774,1003.5394044719549,0.0,1,4,168010.17603329942,8456.35750225234,24.138
80,121.34709212663154,15.917751222102588,1867.264801367422,0.0,1,11,156393.0907211502,9636.83446486895,18.971
70,91.99667950052185,17.951911285537943,1331.4259666965286,162.64900176296828,2,3,117100.21099547995,6427.029403032044,21.099
90,79.69818092499636,19.71622778243667,1344.437800333179,0.0,1,4,142765.71180701014,7145.596910979266,24.272
90,107.88156797396776,21.918584989459244,1787.6696543415646,0.0,1,5,214602.6881333599,9700.832020256124,26.383
25,82.76919016751162,20.149800372257467,1198.8452509255344,0.0,1,6,42893.411722144905,2072.389838398418,25.02
90,85.80081254254696,22.0,1552.4729521949366,299.50904326397375,3,3,171737.5908297019,7767.494357951479,26.942
45,105.93994785030034,17.703253219646104,1209.3328300757091,0.0,1,2,85606.01035922437,4791.547382788979,22.915
30,98.01628462535724,19.000380984495287,748.3870102386475,0.0,1,4,56618.78952723412,2868.984279902265,22.798
60,91.75389789600987,20.111470599052236,1242.0258771633066,0.0,1,5,111960.3750702059,5499.876830390372,23.271
25,100.82021501324594,15.0,1178.5069303125101,0.0,1,4,38986.08756027974,2482.460314867305,18.465
35,95.08709403314131,21.521606436229053,1165.4144022021478,144.26192194059485,3,11,72934.62184725174,3318.871955045945,25.724
25,122.674571873519,15.0,1269.7175298002896,0.0,1,12,47272.68198236992,3063.067838166199,19.195
45,91.89034318934324,20.493880136556808,1364.8099593579818,0.0,1,3,86108.34551568412,4175.429816953098,25.211
35,89.03904955213102,19.873663581085292,1053.7903447856215,0.0,2,8,62987.41441803784,3115.4282259259917,24.499
60,94.53960191214921,15.0,1601.2943305757994,72.34410824641644,2,10,86759.2801597565,5687.079935686529,18.472
45,95.04686064171872,15.0,915.0373140188029,0.0,1,4,65071.66824717894,4311.02861255936,19.155
20,107.14772382165185,21.364963834905012,738.1498120337444,0.0,2,2,46522.29470087338,2169.2646484443426,25.332
30,76.10154656162302,20.929444119373095,1082.1319746299296,81.13050804996085,3,2,48946.15446746065,2280.2379319038687,25.034
60,105.11231040200802,16.738272711023477,1577.6472612115692,0.0,1,1,107141.55826888517,6312.6782753449215,21.566
90,93.50457470032039,16.73624220991187,1279.4310120158389,200.49891360843725,2,4,142322.29881836666,8416.255225180765,19.974
20,109.32187605310725,19.52520994475244,551.3212146534771,28.910736447158094,2,10,43270.883580923095,2174.573933714929,22.729
70,99.42827546611547,18.474511699023264,1460.41707950532,0.0,1,9,130042.63576137737,6906.449022416954,23.226
60,106.22433349261335,20.608790431698228,1317.5581523586943,0.0,1,11,132666.85981412418,6228.662269210641,24.72
70,95.30317825501803,19.459161848866174,1646.5067759467856,0.0,1,7,131462.90470224852,6599.396031577031,24.102
35,105.2562711690601,21.66606158791307,1120.0413707650007,0.0,3,12,80937.15124896773,3618.4452736656094,26.518
20,119.965237473379,20.440155555827452,455.64477698520346,0.0,3,10,49497.807081938154,2429.4207863203123,24.166
30,91.12916282253872,19.941546098281155,767.4903394716839,0.0,2,7,55285.18237917443,2739.025942605714,24.615
90,98.71366629806649,17.79575055939265,2105.74847011488,0.0,1,7,160207.28887203135,8873.041258851528,22.088
90,94.16539257096251,17.649357531676312,2075.16286009176,232.16508832605265,2,8,151883.60920201943,8414.079284596568,21.313
45,119.11578153111358,18.396482030589397,784.7489920221226,0.0,2,1,99393.75904437558,5361.806399996237,23.293
90,94.79270081187939,22.0,1359.0764514133698,0.0,1,10,189048.62405893457,8458.999000515776,25.72
100,91.20769358435388,17.687450541220432,2307.552814317764,0.0,1,10,163630.70973952248,9136.64118962563,21.505
50,93.06067703243035,19.021057974148032,1124.3231788603039,159.24782521687476,3,8,89789.19765144336,4664.467937031785,23.45
25,98.37139141218121,15.0,956.027785058973,0.0,1,4,37845.29956462693,2438.1009069693782,18.243
15,90.47793978792868,19.85161746008816,797.4633569775832,25.59059373030491,3,4,27765.055689410638,1345.2197391231155,23.594
30,95.57860013095964,22.0,878.1885022886138,0.0,1,4,63960.06458872198,2894.9477041365235,26.003
20,101.88642226116494,16.63272378147415,923.684508667705,0.0,1,6,34816.65887971962,2036.651302898573,20.781
50,98.61431908091521,22.0,997.6839918400026,0.0,1,7,109473.43498084674,4892.20605513564,26.153
30,109.98050292371016,18.864481209313308,673.1189433264299,0.0,1,6,62914.872867181155,3287.1905468924397,22.636
20,96.16773906622267,15.0,793.4844653505381,53.8816975468286,3,1,29697.687882764167,1903.9174716379996,19.545
40,97.54460193426894,17.72892352006418,860.8215002783111,0.0,1,12,70035.25299978864,3899.1627191178836,22.053
40,103.25274098490716,21.160877126538168,1005.806732402018,70.22217696564505,3,8,88472.77150776335,4164.456800295085,24.967
70,125.0,22.0,1654.5320779720562,0.0,2,10,194154.53207797205,8747.578816585503,26.231
30,90.54877707569354,19.936197096503367,862.1388136502071,0.0,3,11,55018.086812501366,2780.670547604811,25.187
40,123.08349294574336,21.635188841757937,1302.5918623346124,0.0,1,7,107819.97638970816,4944.084680798367,25.808
100,85.79712198466555,16.144428917015293,2515.990539566724,395.68404043901495,3,6,141426.22829659807,8599.44162827899,21.037
20,102.74764518676525,17.139476825612185,895.4633239714556,0.0,2,6,36116.28099526718,2036.2877227203335,22.225
70,95.92736448186164,15.14108143599642,1418.2917826004696,0.0,1,5,103089.3744118269,6698.898194302841,18.135
90,90.21674876173691,17.289873848016192,1894.733295198464,0.0,1,6,142279.99175137267,8056.255302013325,21.127
20,108.38910858231986,20.023837972871334,1080.182363208499,52.333661664667524,3,12,44539.83499039978,2120.8357004839418,26.216
70,107.19875960453207,18.925311524766038,1478.070516753957,236.0217918314805,3,9,143727.98674948467,7577.020963536478,22.957
30,94.22502239411793,20.235698073326365,797.7667824703094,0.0,1,10,57999.03990606388,2812.2932398084763,24.897
50,75.0,16.626971965006526,1405.0720106781637,108.21461326538187,2,9,63864.43149271802,3721.4849972125007,19.46
45,94.9594304244698,16.748949946376268,1163.3959978290927,145.1055108729909,3,10,72879.68512891508,4282.172393821261,20.158
90,101.67044933148179,18.909220419049827,1588.8504663044466,0.0,3,8,174614.65475245882,9197.235893614252,23.276
60,100.02176333433611,17.29470438938937,1472.4943093105314,113.81375405510818,3,10,105377.11782573408,5982.055121407829,22.388
50,109.07122338149983,21.10369833632019,1394.9066674581545,122.37763240596797,2,9,116607.59407069242,5453.419285540518,25.173
35,123.2025115531599,17.245162231245047,1199.008557297916,0.0,1,10,75561.66402338588,4344.264161295263,20.456
100,104.9664980470097,17.509221514137508,1846.488871878529,0.0,1,8,185634.65545871604,10458.8415444558,20.549
20,106.8132204130915,19.337678827736973,872.2130337117715,0.0,1,8,42182.60805180461,2142.7230563812864,23.422
35,101.77818077654979,17.721423616545014,851.9698965293851,0.0,2,1,63979.868872718194,3503.130112626218,23.337
50,114.0692293887069,16.030111212925174,1411.6737931621822,0.0,2,10,92838.7954468444,5632.663318647237,20.185
70,106.37680013152395,16.301288350335824,1585.9231541791887,0.0,1,11,122971.44564528015,7491.466777967859,20.204
60,108.98926812357189,19.57553191681391,1257.9912226855217,0.0,3,5,129269.36502727575,6454.765681799652,24.029
90,121.70748194824195,15.78257697087588,1402.6090988208075,0.0,2,4,174279.80225898616,10979.320037501604,18.918
90,102.7238116146322,21.29432885509762,1962.4503297221352,0.0,2,2,198831.56664911885,9231.552797627905,25.558
90,96.74845285398713,17.1192014313965,1902.122687828588,0.0,1,8,150965.1854203322,8675.625277470557,20.812
100,105.35547217602301,19.732431633936123,1957.1963950221812,0.0,2,3,209849.16159246553,10448.264131397451,23.554
60,113.63490780543115,17.23917475194073,1006.4715998746366,0.0,1,4,118544.79361458472,6880.094129798585,20.359
100,106.01712108431298,16.66951724000727,1878.849087841239,0.0,1,12,178604.27185293054,10785.110188422706,20.978
100,112.72766294585693,18.992207364580363,1989.3615568205882,0.0,1,7,216084.0765960443,11306.606255510276,23.17
15,91.97230207219978,20.6035669340318,975.3769237374345,0.0,1,10,29399.739151060836,1384.0335631105977,25.139
60,89.58298929514615,18.00526449827979,1591.3739333846218,0.0,1,9,98369.29894172502,5338.304227202605,22.058
45,93.4595486158349,18.36904529248508,1229.8876358919479,0.0,2,2,78484.20830516866,4155.375669388441,22.577
60,84.79141238185198,20.1148347221656,1552.2174778093631,0.0,1,3,103886.13223300566,5085.463032192105,24.903
50,101.32359494360105,20.181054500503112,870.2624098677449,136.67845304387566,2,4,103247.79045009735,5016.847839726964,24.734
15,94.839695369801,18.42301655996052,747.278951436425,0.0,1,10,26955.77812652825,1397.3783598601806,22.899
90,114.76253624373254,17.61304021502942,2148.929339637214,267.8937731665927,3,1,184335.36805637073,10411.61319318126,21.385
50,84.50530765363035,18.665311918890062,1005.6792712815061,156.67302410909784,3,7,80028.24860322951,4261.271690988232,22.783
50,118.65907211963922,18.118177017223314,1277.3889731489649,0.0,1,2,108771.69264130351,5881.999100032469,21.981
80,88.22559597714941,19.125948303633702,2066.115792761016,0.0,1,5,137057.97081005966,7075.26679628557,22.526
25,85.14122978621981,16.111459146308494,1018.5736981111554,0.0,1,1,35312.309832289764,2149.8576067222157,21.173
15,90.10418406818712,19.054363158717493,942.2252993933598,24.918526030098125,2,3,26720.311505750924,1354.333825375294,22.737
50,123.41536102882905,17.063393167658504,966.3256133717241,134.3969242220517,2,12,106394.96394576522,6097.141245735702,22.383
25,99.51897835152396,20.311775222981005,974.9455453056637,0.0,1,2,51510.12351272735,2482.1801301505598,25.6
25,106.35322613984563,17.155064301258967,835.3353862001345,0.0,2,1,46447.74621308483,2694.1082690696917,22.029
15,97.79329914726375,17.189780465618135,685.7843137319753,0.0,1,7,25901.464463981752,1470.5231197772694,21.499
80,98.91905640183752,19.39079764882348,1866.8389559223483,0.0,1,5,155316.3914599694,7956.188863285227,24.028
35,93.92943936118847,18.528423777632394,804.1867100217215,0.0,2,1,61716.94272880509,3298.761542007256,24.023
70,100.6089275062632,22.0,1419.8008522940413,0.0,1,6,156357.54921193936,6982.3744693014905,27.093
45,105.93519870258058,15.241394778891495,979.2490248865133,83.54076449556746,2,5,73719.79808766759,4737.487728865412,18.42
70,120.13966611787475,18.719705893909488,1514.8162309212353,0.0,1,3,158943.3613452581,8438.274431030257,23.732
60,77.50637350168586,20.75929896994474,1255.5924953162057,182.03862426523816,3,12,97976.30989544341,4688.370071672301,26.538
90,119.32984371271003,17.3433721541454,1845.7583358230304,0.0,1,7,188108.1283103214,10857.812271446583,21.556
45,106.33552512431768,16.67888431052024,1242.7478362764464,0.0,1,11,81052.85431038754,4744.037433922539,21.561
60,95.58684660816368,16.758270704707343,586.2716716851357,138.1839089505594,2,10,96836.67065677233,5760.051172156441,20.392
50,93.42731820448806,15.276077640699832,1569.8022511873746,0.0,1,9,72929.95058389379,4726.817084198569,18.308
90,112.524107744425,21.19940925462139,1343.2630713878198,269.59417032937796,3,9,216302.87223938317,10027.206251073047,25.589
20,102.74774245826248,17.840765316387184,531.1010274621918,31.861330745961812,2,9,37224.9295579372,2085.5068315271924,21.819
15,81.59121857561287,17.60394572039954,927.6897163002445,30.194408648218044,2,2,22502.794870943617,1243.9267555256436,21.919
45,104.3568352400477,15.0,1151.5414313194733,99.67168183579567,2,3,71692.07690018747,4819.333151987806,19.579
45,113.7324584256962,15.63258285507623,1296.2922866887757,171.02745880063108,3,7,81474.26332979379,5129.779711737564,19.66
50,110.29437590546159,21.43077951103819,860.7334958456133,178.1217344783936,3,5,119223.57779719953,5527.756951331588,25.774
35,92.47770556554215,19.10621133220116,1347.8129342648572,0.0,2,2,63189.263446096185,3263.4871850613763,23.359
25,83.89591235135973,20.83300165985021,1342.5460653123318,47.76649459116265,2,3,45085.404591666615,2114.130904566952,26.024
90,96.08832230822213,20.57998487965966,1878.8514766444293,0.0,1,10,179853.5112960012,8745.356639518974,24.958
50,125.0,16.49875943885412,1144.1834596735853,0.0,1,6,104261.42995251183,6299.002073779068,21.018
40,81.46001261683602,22.0,1109.8007521087147,94.64667233968439,2,7,72889.2585272641,3254.9445828940793,26.186
80,89.88717884215693,22.0,1416.997744422709,0.0,1,9,159618.43250661888,7278.8478063785915,26.964
25,104.70450267679115,17.37246711575393,520.2295679610934,0.0,1,1,45994.61780855918,2589.571283673772,23.349
15,98.50569702887579,15.0,764.404852290431,0.0,1,11,22928.18668378748,1477.671928709394,19.363
25,97.59754125122717,17.786935820111847,1002.3484942930678,0.0,1,7,44401.37855520047,2478.0927191040373,21.24
35,124.29665197601209,18.976592524242896,1397.6671208697553,85.02729091243098,2,8,84038.13649545661,4295.992310309042,22.581
25,89.76088069554427,17.36456193044862,946.4854288552233,70.99644668758103,3,12,39983.94116977752,2228.8193144831425,21.633
15,99.82863342753886,18.056955806630565,762.4017582672188,0.0,1,3,27801.4200888281,1507.4884435246174,22.296
35,102.42288930163355,16.842683927324412,1228.109132019346,0.0,2,4,61605.781432095624,3598.922086407448,20.183
70,90.34315977909405,20.343269436707693,1781.7534468356598,0.0,3,10,130433.02032731073,6268.684392386325,24.824
45,82.71216713431821,18.62726648073711,1262.8815189803165,0.0,1,6,70594.45254743981,3706.556582482967,22.907
45,103.23181185103046,20.403028125885907,1182.1810644218772,144.09222431978128,3,10,96107.14351946481,4590.579111018505,24.736
80,121.76399891054689,20.944406692415875,1219.0753026864575,0.0,1,7,205241.05239687665,9836.630132374496,25.331
60,104.8549947414103,15.0,1300.91753772639,0.0,1,4,95670.41280499565,6275.201421436836,18.081
70,101.08087104377994,16.958955578331793,1453.2896219818663,194.80608469054667,3,8,121643.9158362108,7202.4678494187565,21.334
70,100.99276522960575,17.251941412718914,1486.6426292196727,0.0,1,5,123449.13144869405,7075.226942606881,19.832
90,96.89898717019078,22.0,1545.9607884180805,223.75157668841084,2,1,193629.70696208422,8701.745493760982,27.476
100,114.20178784169204,18.79801073380065,2089.546351479371,0.0,3,4,216766.1897182145,11383.997172602527,22.768
25,93.93469271449764,20.125121192726127,788.7204205065373,0.0,1,3,48049.897297525364,2342.632608742508,25.237
45,83.71857418697725,15.0,1193.6205566058218,73.85316424838541,2,9,57777.511297063844,3771.5108412474747,17.954
15,81.02015289262545,18.786430904995044,742.3584975865633,0.0,3,8,23573.551061028196,1245.8356402868264,22.632
30,100.94810817092868,20.456585964232517,470.73907053545406,0.0,1,1,62422.348652292814,3018.1810723382737,25.819
100,112.72830955816362,20.223930170120312,1846.5165287712593,259.6171892923793,3,11,230087.07978806435,11238.296248056318,23.678
30,102.84982301946327,19.746798877832703,929.380044634673,0.0,2,6,61858.023138215554,3087.518585209803,24.649
35,96.19157457675229,18.52600101299025,743.0882710707656,72.1645180132909,2,9,63186.835070835456,3403.411437706481,22.667
45,105.50129555874375,18.6231372412509,1028.52885926286,111.24081663860106,2,7,89554.19946031313,4680.096229670501,23.577
45,102.2345481267355,15.113467650580422,963.9985393061777,0.0,1,4,70494.33265413677,4621.49145584427,17.689
100,109.91428568385119,16.698934229625713,2159.664969993208,317.55908324403595,3,1,186022.36680632946,10901.581864062757,20.834
80,115.91804664924129,18.961887912776326,1798.2287476376032,0.0,3,12,177640.22935810886,9324.751163433359,22.831
100,88.54731845712406,17.068048386147588,1893.173599035483,200.31987598469067,2,2,153226.48506400143,8811.010726854842,20.546
30,75.0,19.877676494065568,888.2498174287124,0.0,2,12,45613.02192907624,2198.157697355461,25.079
100,95.7815584165546,19.433565100529727,2091.639642433621,206.04049162231277,2,5,188435.3952258864,9613.55456039672,22.273
45,87.76790239311914,21.234740509443988,993.4046502915619,0.0,1,12,84861.19310721575,3963.8192212194767,26.011
80,109.98349823889413,20.416507652305143,1701.2743857942578,150.93543971713706,2,11,181490.52449924508,8747.72843664127,23.374
25,91.3079944558348,18.954522818269137,1009.0602541481283,35.47204104111654,2,5,44312.01890527706,2268.128386985157,22.599
40,77.49065633723268,19.99596086812383,1185.773719861982,0.0,2,8,63165.77899044345,3058.978600221392,24.873
90,93.10958261430785,20.51020432459931,1941.8908454422535,0.0,2,6,173814.5816052275,8444.647146875954,24.843
20,82.0963080944938,17.485125428184034,509.23127849085535,0.0,1,8,29218.51616295214,1656.41149362652,22.568
70,119.08189262813019,17.841338003360395,1781.5023589568907,0.0,1,2,150502.1231110408,8262.457153782889,21.989
100,105.65970345337682,18.306347925213178,2169.2713382185375,0.0,1,3,195593.60064745496,10508.921030458549,23.121
60,107.77069730816456,17.5489389116713,1314.3890555356916,0.0,1,6,114790.0720672876,6462.149410859573,21.333
35,106.4323184188583,20.531373890126968,1151.0373351862045,50.439788024946914,2,12,77683.53744398309,3809.723854497168,25.407
40,110.0820539113411,17.245378916645393,1020.018842113193,0.0,2,10,76956.28810705974,4427.285405096176,21.658
90,113.60010430082889,21.00330294279965,1676.8639290260103,165.97674031390798,2,3,216580.8071160951,10127.554496261026,24.663
90,93.52305568810488,17.766053602239236,1870.359778446462,0.0,1,6,151408.56561445334,8442.644428450725,21.989
90,82.9604604040997,19.444793285678717,1720.8400678573666,217.87127835153595,2,6,147122.12165602966,7363.651568727785,23.578
90,89.83679515302805,18.832830297525778,2085.4372859399896,0.0,1,2,154354.7378690907,8143.363317326943,23.439
30,99.45700451512816,16.548040383416666,1006.6128906147021,0.0,1,7,50381.16870451454,3033.703612859365,21.001
80,75.0,18.46022054101842,1142.6067790223804,0.0,2,12,111903.93002513288,6100.787501105038,24.019
70,113.71271059952599,19.167287062901195,1640.6471281900267,0.0,3,2,154210.1388015106,8018.386454564253,22.6
45,77.23903335780493,18.371414625779003,1191.3292848655901,0.0,1,6,65045.89310484303,3455.4785082139074,23.221
90,107.1891199099497,15.814586882987431,2273.1600419696165,0.0,1,1,154836.8085173868,9521.522528962421,21.455
60,97.98315052953365,21.90285848705234,1062.2106043690126,0.0,1,3,129828.87541420439,5796.67113085003,26.188
45,103.42210389579584,18.675398965723474,1083.5698557013675,0.0,1,2,87998.77720148349,4523.39348045709,22.667
15,94.3369631045183,16.911394849672956,832.1217514652553,0.0,2,7,24762.66623115833,1424.8728833949847,20.522
15,102.60647773471678,21.74153604693455,857.0332645813364,0.0,1,4,34319.36977935632,1537.5144274433153,26.813
60,94.33746971058557,19.73477961944065,1696.6317759333526,154.45045886014444,2,8,113554.83271043732,5711.712074173021,25.437
80,93.32582625037614,16.099660007196782,1614.015710052569,0.0,1,6,121815.14151179467,7572.683874646962,19.442
60,89.23316402366433,16.411010507200242,1019.9085504719619,0.0,1,12,88884.29209345664,5359.3387740914095,20.815
30,118.30995948700998,18.055210560224314,658.0970709066698,0.0,1,10,64741.433968193865,3554.4793982498454,22.911
100,104.40291300516368,19.094613957699647,1311.2247469477245,0.0,1,4,200664.55673623778,10391.814903983272,22.614
60,102.5139623515883,19.745599662927845,1007.4473364415153,0.0,1,5,122459.4269637367,6129.550650147808,24.031
25,89.49325854361646,20.400356959057135,855.7475008867473,0.0,1,9,46498.10799386089,2253.629750144958,25.348
45,97.18181999692831,19.579144812800287,1199.0401356328418,75.3475066427697,3,7,86897.54935238636,4365.556162595959,23.69
40,88.1532495079249,21.193491957281992,1175.850573202918,0.0,1,10,75906.85795138207,3514.8813553401146,26.1
50,94.10603765500652,18.753586319360938,1088.7567231005096,0.0,3,9,89330.04173991027,4704.440019218101,23.022
80,85.49053132526817,16.980721239043554,1054.820437706362,0.0,1,7,117190.09091867432,6899.860777534202,20.657
60,119.06972958643061,18.493298260682053,1215.1216254510337,204.0713949657813,3,12,133538.714404054,7094.698760554389,22.488
35,90.91712691386086,18.362038679308416,746.4606711517308,0.0,2,1,59176.293706288416,3179.9824383993455,23.152
15,89.49905412558259,15.0,790.3237320844646,24.49194742666917,2,12,20952.10285776721,1345.7786320556095,20.405
25,84.09267669396894,17.377266281808684,1401.098271399308,0.0,2,8,37933.61915292794,2126.708458707087,20.484
70,90.74553446101943,19.128407465900903,1030.875589589599,0.0,2,4,122538.10471128282,6336.986832537536,22.161
90,94.06127886921662,17.651568869576426,1600.2955621940494,0.0,2,3,151029.91833503105,8404.747651104666,21.681
50,99.40624536660162,17.207581276354002,1634.4791713572986,0.0,2,7,87161.53149750658,4946.238016893913,21.038
80,92.25613348963016,20.32275239160913,1381.9295346510712,207.00874872130456,2,12,151580.82288473175,7458.211484860424,25.533
40,80.7926678916684,16.66690835044912,1086.3922454393617,0.0,1,3,54948.95189098779,3297.417179551712,19.948
50,81.82510187420515,19.923245300941645,1363.2350752887055,0.0,1,8,82874.31389600516,4037.505910238811,24.982
60,108.15591602996102,15.83451105842343,1234.9433934584315,111.40934804636845,2,6,104102.11564612483,6418.276952093476,19.589
30,98.52653501010982,22.0,925.5676446031324,50.4824958579942,2,5,66003.56324713361,2950.806761548914,26.787
15,107.7867188950426,18.068628946197485,920.2186177918395,36.36488211753234,2,4,30169.956935548646,1618.5947224561255,22.281
15,109.36330197304002,17.853469421407887,1125.4348540339356,38.216326035577765,2,8,30451.366694067514,1653.3593681318077,22.121
70,101.81295954583274,20.78613180577984,1030.8092018852708,0.0,3,8,149171.64096781999,7063.396945940002,25.597
30,85.21923078988209,17.662590318387103,1218.4737509575334,0.0,1,12,46374.24457165055,2529.3977233917503,22.901
90,102.27501904192707,21.409855616651335,2045.3816966395852,0.0,1,1,199117.7868756528,9217.462293368006,26.225
45,116.7951597742328,19.243187660973053,1385.0673842354097,0.0,1,9,102523.0703685356,5242.201210809409,24.149
20,94.63086370890234,18.26320419890754,710.2385772135476,0.0,1,5,35275.49432590699,1910.156555865306,22.393
25,104.08738301546032,18.04998819325925,678.5853826121681,48.591321086375956,3,4,47696.577566106345,2614.8665770117627,20.764
15,99.8346645367937,20.915184340860524,836.0338238860434,0.0,1,6,32156.940009811206,1505.836884681149,25.181
35,116.46853355856696,18.960974429207006,646.9779595249043,75.58576660306817,2,6,78015.05475752088,4072.1395983309853,23.791
15,91.86656688407939,19.364617462381542,624.5305817669845,0.0,1,2,27308.944461154268,1410.4583639673767,22.662
50,113.84238246409441,19.582003745207256,1272.9460749074965,113.11207825746851,2,8,112849.15614192565,5644.43351014016,24.499
15,95.49987245956223,18.765872370445383,911.8633966016854,23.75824963063434,2,7,27817.69791578167,1441.2479260765274,23.256
80,91.67024855791007,19.539744452699967,1688.5206581626153,0.0,1,1,144985.57911712668,7240.505647267621,24.98
15,101.31832087651898,18.26335315463802,998.0868612366025,31.442549261032717,2,5,28785.713538539632,1503.4605217542182,21.983
20,104.10948301609017,18.40038273634685,1057.125712740214,0.0,1,12,39370.21239232543,2069.5435730618897,22.691
20,122.93835527811314,16.261770143946585,1211.6349487129764,0.0,1,6,41195.54045686334,2498.828371806276,20.589
90,103.83445094642458,19.095520501836795,1683.4888148357106,0.0,1,4,180133.04863083328,9369.761785142824,22.945
40,102.31933674219263,15.060917986575559,1453.213225040022,0.0,1,2,63094.13878963884,4068.6065399539966,18.538
45,119.15371532681961,19.067116141221828,856.8130435555238,0.0,1,4,103093.11083931041,5381.994155432748,24.057
35,107.21264733053845,17.938767967670373,1420.6088161556718,68.85660556807223,2,1,68803.66354990086,3753.761560664299,22.32
15,92.26869783798463,19.249170218901956,753.3065275191238,33.26027741366855,2,7,27428.00486332975,1377.2214062485546,22.401
15,116.27164462369831,16.402343331836647,638.8536277205231,37.919164023992884,2,2,29283.68431487249,1719.716419256763,21.381
25,91.12457476684777,15.0,839.4713516656775,0.0,1,2,35011.18688923359,2310.886012217501,18.748
20,92.20903265999549,17.798269386052922,850.2158518562742,0.0,2,9,33673.43991405531,1848.0500785364864,22.211
35,89.81775160734503,16.408174662285802,1150.9144112258705,0.0,1,5,52732.00187637502,3211.9554089077096,20.069
90,88.76505966066452,15.0,2025.8849859778818,0.0,1,2,121858.71552787499,8063.976303732577,18.706
70,103.99807953807789,20.03596653938914,1179.6543565268435,240.5409612647172,3,11,147279.3382427877,7320.000902476079,23.819
40,96.90517402547748,21.70247645428408,1302.4458297965898,0.0,1,9,85425.73613324565,3859.337540538592,25.657
45,75.0,16.9060971284509,1107.493454982637,58.23143308539283,2,9,58223.80269658981,3338.032087219829,21.088
30,96.78084325660585,18.34845834555709,950.8784083836138,56.47383556383473,2,1,54280.73037819912,2897.103641213611,23.332
45,93.78505293033238,17.884428766640376,968.3307895482405,0.0,1,11,76446.47522241395,4172.878553659409,22.133
80,110.71390437158627,17.182203156047596,1593.3595300879792,0.0,1,3,153778.06329903367,8914.700442235342,21.267
50,93.24089666247565,19.827474427776043,1274.6064526825862,0.0,1,4,93711.1811625898,4738.159824535537,23.012
80,125.0,20.520282920857237,1306.0709038886162,232.4876625199021,3,7,206741.3877749809,9973.908773388286,24.926
15,116.76152294524292,16.76278562146879,914.6876979528629,0.0,1,10,30273.413367462606,1767.9648748303082,20.543
40,95.32107530788267,18.589533734189807,1302.5087042457642,0.0,1,4,72181.48250485104,3786.5637898726973,21.751
50,113.795476945997,21.069066067867787,908.5811422091517,0.0,1,2,120786.80224219598,5672.564168242773,25.534
35,106.30254055229138,19.878072406429943,1024.7862725134357,88.3164216324801,2,7,75071.23862715253,3690.2674596239244,24.06
30,102.80158955776291,20.175394876800976,949.8491913549282,0.0,1,6,63171.72909007552,3018.26084670986,24.49
20,109.63182706728915,21.235970614884828,926.0047883863064,0.0,1,3,47488.769949528054,2191.8354977656895,25.089
40,100.64885049112584,21.209690344746498,1026.1865021643957,91.82889345331674,2,6,86507.25349447633,4031.125427538154,25.172
40,102.88421387292973,20.557285260606132,1047.031615316814,0.0,3,11,85647.83695127792,4159.232663299353,26.1
80,109.88023019534758,18.78987482956236,1363.6327997462217,0.0,1,6,166534.4945288726,8860.340766275394,23.254
15,124.62943290094589,17.735033965083815,992.2341308348722,0.0,1,12,34146.84251404602,1884.5643946718092,21.79
60,103.01433966663609,18.70695553062637,1262.722207451941,0.0,1,5,116887.80247708803,6120.656560996642,22.88
90,94.55444002033413,17.431186627953263,1566.1340365523847,0.0,2,4,149903.78218119754,8549.0023612498,21.679
80,75.64922973887214,15.0,1618.1271287446468,0.0,1,10,92397.20281539121,6147.715990692226,19.186
40,123.53564166356365,17.94100186839992,827.0630881475261,93.0614264950135,2,12,89574.25163064168,4960.196554016428,23.783
100,96.84109944913648,19.21505248767444,1779.0321255260983,0.0,2,1,187859.7130134519,9861.19296084853,23.036
25,106.4177114809752,17.325461164467644,792.3010562520735,59.800935350701046,2,10,46945.50017848173,2714.1562253001352,20.041
30,122.87088684312393,18.114440425522783,1032.0162596363816,0.0,1,6,67804.13705216396,3676.2305249557253,22.249
90,102.7312278511659,18.191926568066535,1859.6082482544534,289.21802638793326,3,2,170347.93207305734,9181.372778429564,22.438
80,97.66395685747024,21.213713548437777,1649.1395668700507,162.17570904259733,2,3,167556.5316584214,7753.622622139961,23.548
30,117.03607573052494,17.781125451950196,1107.9603769649134,42.82532692839751,2,8,63581.780052945534,3457.8494959179397,21.37
25,105.52884481076703,21.213266764366907,874.5336046175428,0.0,1,10,56839.822012274475,2624.5445054887073,25.095
70,107.0332672566808,15.0,1513.0576918122242,181.88202374625598,3,6,114079.87033507331,7582.810973155951,17.785
25,81.72206955433887,21.195711562658072,792.6971148082912,0.0,1,3,44096.63247923948,1998.022110852207,24.888
25,114.47098248691103,21.09481222972525,967.4940619142637,0.0,1,7,61336.09109475316,2832.0849846567535,25.875
30,104.50705681589974,20.30450934677838,1096.6268909330201,0.0,1,4,64755.56224861509,3131.225864638249,23.496
45,83.54092744332252,15.0,1206.1409273023328,94.95398319764094,2,9,57691.22093474267,3726.365345609741,18.177
30,105.8211293393593,20.53777399044496,1034.7167477306004,0.0,1,5,66234.62988129277,3157.894481949498,23.613
60,75.24969191305901,18.3997616486495,1335.1250835899987,0.0,1,3,84409.7088036656,4491.849924688623,23.233
15,125.0,15.0,1027.2206138070292,0.0,1,2,29152.22061380703,1870.1711208738423,19.508
50,86.77774240021887,21.096355415669393,1378.900167377153,0.0,1,11,92913.6049595982,4307.236904155123,24.171
45,119.34151318862124,21.388346157097935,653.862611673932,134.09027638124581,2,2,115651.24466260966,5326.802957880899,25.244
20,90.24453342257615,15.0,1112.3112827457157,0.0,2,3,28185.671309518562,1821.7539378700887,19.147
50,106.72270853164864,18.850842150600226,1143.5410944095272,0.0,1,2,101734.18771514075,5392.14639502384,23.943
15,89.05446092068601,21.277182242888365,735.310472148921,0.0,1,4,29157.730390423163,1317.3753823019929,26.24
80,111.96538266277383,20.96032262691429,1816.8256573037959,0.0,2,2,189563.26914991625,8710.04710997808,25.324
90,97.17617509711297,20.172122102319047,1787.7686077799488,0.0,1,10,178210.23886235684,8838.856989258362,23.504
60,105.61335455449252,15.0,1552.5942226666646,0.0,1,9,96604.61332170993,6258.934632700797,19.033
60,100.18077257894794,19.95908553327163,1641.6308461535311,137.6530827507623,3,2,121750.28045045161,6023.634120104325,23.931
20,83.61202256219613,18.063792203252113,940.5740248656573,37.63265263186492,2,9,31185.21070264029,1646.0586528493964,22.003
45,106.04928231628641,20.491715057436988,1117.8286174493437,0.0,1,6,98908.7540046458,4834.1493973970155,24.909
70,93.96115017201103,19.01232291686765,1316.971124121296,0.0,2,1,126366.35213386104,6744.584684809478,23.242
25,112.54375351609133,18.46023677942227,615.0129204320949,0.0,1,4,52554.62136923169,2818.737281834944,22.675
45,97.16968230219187,19.781807698818472,1191.879669630268,0.0,2,1,87690.51829520626,4368.520937594061,24.746
90,99.07883309166002,18.156173257856484,2324.6175350082585,0.0,1,6,164224.93891686638,8888.369486367174,22.164
70,120.19511757247524,18.451445440216116,1596.8195248441643,0.0,1,4,156840.97530966633,8479.4361521722,22.316
60,125.0,17.389552001742477,1193.6984605287803,0.0,1,3,131615.33847359737,7542.576506320094,20.289
30,109.432407468545,15.289182017630875,938.6477744014068,0.0,3,3,51132.60766682539,3315.9167995553257,18.898
90,96.55431883091937,19.63570694754254,2303.589816793071,0.0,2,9,172935.69763430997,8635.323447872819,23.917
15,95.50406405972628,16.887939360658862,897.3125236146442,0.0,1,6,25090.315161671697,1437.4333543789417,19.985
20,90.17587617617704,18.09841626791853,693.5491915754812,0.0,1,9,33334.36007879007,1793.7340168809753,22.534
15,92.49714179735732,19.073947916907866,842.2728074749618,0.0,2,5,27306.55778405949,1372.7817758182368,23.26
90,96.71668307795238,15.0,1551.6406413456834,0.0,1,2,132119.1627965814,8700.931289088663,18.643
35,123.5710356039388,15.0,1262.1264904669365,0.0,1,8,66136.9201825348,4285.087697430178,18.794
35,97.63333994975771,17.900522846781595,1313.443196510606,128.08692515183148,3,5,62610.60425490056,3457.2751086841035,21.813
80,85.28736394962277,19.409126964599313,2206.0568325828726,0.0,1,2,134634.31886252036,6764.180382389476,23.604
45,100.49998320550459,19.988076541298323,1030.7387662451683,76.12977754104874,2,4,91502.9295957732,4538.940606667786,23.896
60,102.13754110913277,15.317371008248186,1043.1337956190337,165.5735195092539,3,9,95077.42397745555,6091.273224640522,18.619
60,100.42762551820547,19.77326296882563,1673.6499467918857,0.0,1,4,120820.5608691651,6042.352383579917,23.836
25,109.59629467102249,18.009860763367328,1001.1470909206193,0.0,1,12,50346.49727107291,2725.5503460578075,22.849
25,100.8280661363084,16.733685509807046,836.9887740380708,0.0,1,12,43017.617506213326,2489.0111080155475,21.5
25,109.22472990576794,17.20289628788126,834.2103473632897,0.0,3,12,47808.7528633825,2743.828234385758,22.427
30,90.63587975130741,20.103714664080332,996.6001752397154,58.475340781778584,3,4,55718.611461466906,2712.6752619394306,24.4
50,121.36875325774267,19.04801157017114,1316.9509209017006,0.0,2,2,116908.62173643813,6085.79248074012,22.771
40,103.02975746012302,18.60061304551064,1004.8070600226343,0.0,1,12,77661.4730875651,4103.516864946325,21.951
50,104.80262764488445,18.9869914776158,1181.9981168687054,0.0,2,6,100676.32801312685,5170.545764249961,23.684
15,90.58585727424037,20.356195553232386,801.317405573031,31.251865555716066,3,11,28492.32064660328,1373.5059583829232,25.249
50,105.66192389519675,18.305800865193355,1496.1835605240494,83.22117495839395,2,2,98290.71162841679,5322.019815702143,21.922
30,107.81278068004364,18.608637772908473,968.7812861676903,97.35597510069903,3,12,61253.60675021709,3216.0457286078695,24.051
80,85.96277879409892,20.77634148027561,1628.1208132699185,224.9085114454274,3,7,144732.39307028288,6881.821035603453,24.503
15,80.09090093934812,17.836826751473684,605.1665749288817,0.0,2,3,22033.67944129778,1213.8819559706528,22.514
50,103.52399228331359,19.736281190561364,1512.283103368375,119.16576859410004,2,3,103790.37995561156,5152.54239758818,23.627
30,94.13476211853362,17.492591038653718,838.1689900109254,0.0,1,5,50237.99587782474,2815.517515730993,20.817
40,103.11905762962876,17.66826531717643,1503.5360488446906,0.0,1,3,74380.93082714418,4134.811566708636,21.251
50,84.50756714922262,18.291900486400728,1090.0341150423592,49.6571371580751,2,2,78429.89168427083,4205.980023020658,22.389
30,81.27392902740795,19.53054570597353,619.6978741404986,0.0,1,10,48239.423441355684,2459.115641062163,23.507
25,102.48027355601292,20.888363925102137,917.7588014145852,54.63313657113185,3,9,54488.523167536194,2557.6795893578906,25.366
60,95.80259486851777,18.69309052707755,801.4574102665638,205.26657427771536,3,2,108457.51870091255,5703.088089334407,22.756
25,75.0,15.50032617735291,1110.4413944777407,49.38047253901903,2,11,30222.933449553468,1886.4119780601372,19.737
60,116.11718581729275,19.762892587067874,1716.980398619131,0.0,1,2,139405.66864780462,6887.458550928978,24.212
100,84.3081151817949,22.0,1836.8588001816167,0.0,1,8,187314.71220013042,8600.68213198808,26.277
20,125.0,18.7173376621347,739.5787240420992,0.0,1,9,47532.92287937885,2539.5624090895053,22.713
20,92.51179925333706,15.082464721640841,928.1106597168814,36.49913394594427,2,7,28870.72876514234,1859.7368631624238,19.497
20,104.81872681751199,18.839305778941704,578.8616942638387,48.46995063931848,2,3,40121.572562392466,2105.3749225683246,23.168
40,119.76338812464621,18.493974793632322,1342.289242101414,0.0,3,9,89938.33248918988,4808.856516968741,22.664
25,117.75320713394589,18.32578231327522,769.764984147047,0.0,1,3,54717.75599981452,2929.4320584400366,22.684
100,123.8336368747226,20.390819799954265,1939.9118053949633,268.83642081513744,3,5,254715.68569475412,12420.180622174854,23.375
60,81.72308513343576,21.25654957267145,1334.534015202963,185.5238751343538,3,9,105749.10651256892,4858.120361057808,25.236
30,86.36961402991304,19.867171490402164,1117.2390415501052,0.0,1,12,52594.83704631392,2604.142801599943,24.34
15,102.71196728912835,18.233883830657863,889.0929356225075,45.85640870414218,3,3,29027.520537851102,1554.0502493606155,23.727
30,110.07696925477256,20.75135756873926,1012.5012234268881,0.0,1,7,69539.89769609399,3289.823506009097,25.666
15,99.86527067944435,15.512340717571519,952.7353744831103,0.0,1,12,24189.896943963795,1489.0645599284026,20.457
35,80.34407157143933,17.06788775853201,1166.9280369213961,59.52035411530967,2,1,49222.07423860432,2777.9471357039133,22.169
30,105.95893790757759,17.29074444279654,882.7920643186646,0.0,1,4,55846.0595680208,3225.113153646952,21.853
50,97.66898334119159,18.43809870413613,942.1632860646972,73.27983266729083,2,4,91056.9608776079,4858.266976094086,22.663
50,97.52513249252961,19.513469324973677,1107.8952481326144,0.0,2,7,96260.57931348112,4866.565599217001,24.247
45,75.0,18.098574103325433,1555.2038420057738,82.99507829245259,2,8,62720.88651902156,3385.1302509936054,22.194
25,109.56981045373978,16.68792841099545,641.7103856884625,0.0,1,1,46354.03920714722,2746.975620828506,20.997
15,101.7424487234255,20.44970056939226,800.6811804241556,28.92510145401943,2,5,32038.645455740134,1537.5302586894504,24.302
15,121.54197467966756,18.029086555590613,775.6822934612374,22.39191475569974,2,7,33667.43593277387,1816.2139440681788,22.442
90,99.10590824162593,18.704257841742066,1991.397291289893,188.75680451480258,2,12,169013.37562103083,8817.967893541332,23.092
80,106.79608156622827,19.602135490951817,1234.7021067329447,0.0,1,4,168709.20296784877,8431.451079308075,23.422
25,109.98181811326316,18.577755215845894,995.3988600732291,0.0,1,4,52075.78123762045,2733.61856691666,21.897
